<?xml version="1.0" encoding="UTF-8"?>
<schemalist>
    <schema id="org.gnome.shell.extensions.bedtime-mode" path="/org/gnome/shell/extensions/bedtime-mode/">
        <key name="bedtime-mode-active" type="b">
            <default>true</default>
            <summary>Bedtime Mode active flag</summary>
            <description>This flag is used to enable/disable the bedtime mode.</description>
        </key>
        <key name="automatic-schedule" type="b">
            <default>false</default>
            <summary>Enable Automatic Schedule</summary>
            <description>Enables automatic scheduling of the bedtime mode in the time range specified by the start and end times</description>
        </key>
        <key name="schedule-start-hours" type="i">
            <default>22</default>
            <summary>Schedule start time hours</summary>
            <description>The hours at which the bedtime mode will be enabled.</description>
        </key>
        <key name="schedule-start-minutes" type="i">
            <default>0</default>
            <summary>Schedule start time minutes</summary>
            <description>The minutes at which the bedtime mode will be enabled.</description>
        </key>
        <key name="schedule-end-hours" type="i">
            <default>7</default>
            <summary>Schedule end time hours</summary>
            <description>The hours at which the bedtime mode will be disabled.</description>
        </key>
        <key name="schedule-end-minutes" type="i">
            <default>0</default>
            <summary>Schedule end time minutes</summary>
            <description>The minutes at which the bedtime mode will be disabled.</description>
        </key>
        <key name="ondemand-button-visibility" type="s">
            <choices>
                <choice value="always"/>
                <choice value="active-schedule"/>
                <choice value="never"/>
            </choices>
            <default>"always"</default>
            <summary>On-demand button visibility</summary>
            <description>If the value is set to "active-schedule" then the button will be displayed only when 
            "automatic-schedule" is enabled and the configured schedule is active.
            </description>
        </key>
        <key name="ondemand-button-location" type="s">
            <choices>
                <choice value="bar"/>
                <choice value="menu"/>
            </choices>
            <default>"bar"</default>
            <summary>On-demand button location</summary>
            <description>Location where the on-demand button should be placed.</description>
        </key>
        <key name="ondemand-button-bar-manual-position" type="b">
            <default>false</default>
            <summary>Enable manual position for the On-Demand button</summary>
            <description>Enables manual positioning in the Top Bar for the On-Demand buttton.</description>
        </key>
        <key name="ondemand-button-bar-position-value" type="i">
            <default>0</default>
            <summary>Top bar manual position for the On-demand button</summary>
            <description>The manual position value for the On-Demad button. It should be a number from 0 to 99. 
            0 will put the button on the left side of the icons group. A greater value will move the icon to the right.</description>
        </key>
        <key name="ondemand-button-bar-onoff-indicator" type="b">
            <default>true</default>
            <summary>Enable On/Off indicator for the On-demand button</summary>
            <description>Enables the change of the button appearance in Top Bar when Bedtime Mode is active/inactive.</description>
        </key>
        <key name="ondemand-button-bar-scroll-enabled" type="b">
            <default>false</default>
            <summary>Enable color tone factor change by scrolling over the On-demand button</summary>
            <description>Enables color tone factor change by scrolling over the on-demand button in Top Bar when 
            Bedtime Mode is active. Scrolling up will increase the factor and scrolling down will decrease it.</description>
        </key>
        <key name="color-tone-preset" type="s">
            <default>"grayscale"</default>
            <summary>Color tone preset</summary>
            <description>The color tone preset that is selected to be used during the active Bedtime Mode.</description>
        </key>
        <key name="color-tone-factor" type="i">
            <default>100</default>
            <summary>Color tone percentage factor</summary>
            <description>The percentage of how much the selected color tone preset is to be applied.</description>
        </key>
    </schema>
</schemalist>
