{
  "_generated": "Generated by SweetTooth, do not edit",
  "description": "Brightness control for all the monitors detected by ddcutil\nThis tool uses ddcutil as backend for communication with your display.\n\nRead setup instructions from: https://github.com/daitj/gnome-display-brightness-ddcutil/blob/master/README.md",
  "gettext-domain": "display-brightness-ddcutil",
  "name": "Brightness control using ddcutil",
  "settings-schema": "org.gnome.shell.extensions.display-brightness-ddcutil",
  "shell-version": [
    "42"
  ],
  "url": "https://github.com/daitj/gnome-display-brightness-ddcutil",
  "uuid": "display-brightness-ddcutil@themightydeity.github.com",
  "version": 31
}