{
  "_generated": "Generated by SweetTooth, do not edit",
  "description": "Hey Gnome, it's bedtime! Converts to grayscale the entire Gnome workspace by using a smooth transition. Best to use during evening/night.\n\nThis behavior is similar to Android's bedtime mode which converts the phone screen to grayscale. It should somewhat make your device less appealing and limit the usage of it before bedtime. On my side, at least, it still requires a fair amount of self control in order to make that happen.\n\nThe extension has a nice Settings UI where you can customize it to your liking:\n- Set an automatic schedule for turning on/off the Bedtime Mode\n- Add an On Demand button to Top Bar or a Quick Settings toggle to manually enable/disable the mode\n- Control the On Demand button visibility, appearance and position in Top Bar\n- Choose another color preset and intensity, if you prefer a different color scheme\n- Change color intensity on the fly by scrolling over the On Demand button in Top Bar\n\nMulti language support is also available, please check the GitHub page if you want to help with the translations. So far, the extension is fully translated to Spanish, Dutch, German, Czech, Romanian and English.\n\nIf you want to use a keyboard shortcut in order to toggle the Bedtime Mode then you can use this command for the shortcut:\n\nbash -c 'schema_id=org.gnome.shell.extensions.bedtime-mode; schema_dir=~/.local/share/gnome-shell/extensions/gnomebedtime@ionutbortis.gmail.com/schemas/; if [[ $(gsettings --schemadir $schema_dir get $schema_id bedtime-mode-active) == \"true\" ]]; then turn_on=false; else turn_on=true; fi; gsettings --schemadir $schema_dir set $schema_id bedtime-mode-active $turn_on;'",
  "gettext-domain": "bedtime-mode",
  "name": "Bedtime Mode",
  "settings-schema": "org.gnome.shell.extensions.bedtime-mode",
  "shell-version": [
    "3.36",
    "3.38",
    "40",
    "41",
    "42"
  ],
  "url": "https://github.com/ionutbortis/gnome-bedtime-mode",
  "uuid": "gnomebedtime@ionutbortis.gmail.com",
  "version": 12
}