{
  "_generated": "Generated by SweetTooth, do not edit",
  "description": "Simply add your username to topbar panel quick settings menu.",
  "name": "Add Username to Top Panel",
  "original-authors": [
    "williambrendaw@protonmail.com"
  ],
  "shell-version": [
    "3.12",
    "3.14",
    "3.16",
    "3.18",
    "3.20",
    "3.22",
    "3.24",
    "3.26",
    "3.28",
    "3.30",
    "3.20.4",
    "3.34",
    "3.32",
    "3.36",
    "3.38",
    "40.0",
    "40.1",
    "40",
    "41",
    "42"
  ],
  "url": "https://github.com/brendaw/add-username-toppanel",
  "uuid": "add-username-toppanel@brendaw.com",
  "version": 8
}