<?xml version="1.0" encoding="UTF-8"?>
<schemalist gettext-domain="display-brightness-ddcutil">
  <schema id="org.gnome.shell.extensions.display-brightness-ddcutil" path="/org/gnome/shell/extensions/display-brightness-ddcutil/">
    <key type="b" name="show-all-slider">
      <default>false</default>
      <summary>Enables the All Slider</summary>
    </key>
    <key type="b" name="only-all-slider">
      <default>false</default>
      <summary>Hides display list and uses only All Slider</summary>
    </key>
    <key type="b" name="show-value-label">
      <default>false</default>
      <summary>Show Value Label</summary>
    </key>
    <key type="b" name="show-display-name">
      <default>true</default>
      <summary>Show Display Name</summary>
    </key>
    <key type="b" name="show-osd">
      <default>true</default>
      <summary>Enables OSD</summary>
    </key>
    <key type="i" name="button-location">
      <default>0</default>
      <range min="0" max="1"/>
      <summary>Brightness Button Location</summary>
    </key>
    <key type="b" name="hide-system-indicator">
      <default>false</default>
      <summary>Hides System Indicator</summary>
    </key>
    <key type="d" name="position-system-menu">
      <range min="0" max="13" />
      <default>3</default>
      <summary>Sets position in system menu</summary>
    </key>
    <key type="as" name="increase-brightness-shortcut">
      <default><![CDATA[['<Ctrl><Alt><Shift>h']]]></default>
      <summary>Increase Brightness Shortcut</summary>
    </key>
    <key type="as" name="decrease-brightness-shortcut">
      <default><![CDATA[['<Ctrl><Alt><Shift>g']]]></default>
      <summary>Decrease Brightness Shortcut</summary>
    </key>
    <key type="d" name="step-change-keyboard">
      <range min="1" max="100" />
      <default>2</default>
      <summary>Step change % when using keyboard shortcut</summary>
    </key>
    <key type="b" name="allow-zero-brightness">
      <default>false</default>
      <summary>Allow zero brightness</summary>
    </key>
      <key type="b" name="disable-display-state-check">
      <default>false</default>
      <summary>Disable display state check</summary>
    </key>
  </schema>
</schemalist>
